className,name,ISO,landArea,arableLandArea,GDP,GDPRate,energyOutput,carbonOutput,carbonOutput1990
NonAnnexOne,Albania,ALB,27398,5507,2550.868201,0.0527,3989932,1753000,7488000
NonAnnexOne,Algeria,DZA,2381741,75501,45557.27708,0.0541,107487542,107080000,78896000
NonAnnexOne,Angola,AGO,1246700,33038,6353.998396,0.0758,33838055,7308000,4430000
NonAnnexOne,Antigua and Barbuda,ATG,443,80,566.962963,0.0597,116099092,334000,301000
NonAnnexOne,Argentina,ARG,2736690,274490,279670.035,0.0452,158530163,137674000,112614000
NonAnnexOne,Armenia,ARM,28203,4766,1751.787925,0.0516,4693393,3407000,3682000
AnnexOneReduce,Australia,AUS,7682300,468503,360291.3631,0.0555,369530526,346913000,287331000
AnnexOneReduce,Austria,AUT,82445,13677,190802.0558,0.0341,80986801,63549000,60960000
NonAnnexOne,Azerbaijan,AZE,82629,17754,4288.293285,0.0502,32114972,31595000,44173000
NonAnnexOne,Bahamas,BHS,10010,58,5271.222913,0.0755,1774947702,1793000,1951000
NonAnnexOne,Bahrain,BHR,760,19,6892.190977,0.0701,18405000,18405000,11885000
NonAnnexOne,Bangladesh,BGD,130168,74173,41059.35919,0.0534,41741221,24041000,15533000
NonAnnexOne,Barbados,BRB,431,160,2265.05,0.0618,741102,1140000,1074000
AnnexOneSustain,Belarus,BLR,202900,55575,13459.15744,0.0684,63086899,57598000,87487000
AnnexOneReduce,Belgium,BEL,30278,8302,228172.4625,0.017,154229330,119185000,108470000
NonAnnexOne,Belize,BLZ,22806,696,604.2,0.0341,113620,370000,312000
NonAnnexOne,Benin,BEN,110622,26029,2302.980052,0.0377,7004993,1214000,715000
NonAnnexOne,Bhutan,BTN,38394,1081,357.347686,0.0648,341089,385000,128000
NonAnnexOne,Bolivia,BOL,1083301,30146,7688.192379,0.0479,12679472,10326000,5504000
NonAnnexOne,Bosnia and Herzegovina,BIH,51187,10026,3472.692887,0.1637,18914323,16226000,3938000
NonAnnexOne,Botswana,BWA,566730,3805,5181.264021,0.1042,5910732,3832000,2178000
NonAnnexOne,Brazil,BRA,8459417,586036,746216.7713,0.0002,547806720,314013000,208887000
NonAnnexOne,Brunei,BRN,5265,110,4050.545679,-0.0058,5984997,5985000,6421000
AnnexOneSustain,Bulgaria,BGR,108489,33099,11527.83423,0.0526,66985252,50993000,77729000
NonAnnexOne,Burkina Faso,BFA,273800,48353,2608.266814,0.0781,180090,862000,587000
NonAnnexOne,Burundi,BDI,25680,9124,1150.043586,0.0382,149261,301000,304000
NonAnnexOne,Cambodia,KHM,176515,36081,3004.660731,0.0528,11549503,2233000,451000
NonAnnexOne,Cameroon,CMR,472710,58868,9153.580048,0.0489,19614592,3209000,1738000
CanadaAgent,Canada,CAN,9093507,415573,570647.1631,0.0385,624237946,478881000,450077000
NonAnnexOne,Cape Verde,CPV,4033,460,498.531194,0.0678,85636,154000,88000
NonAnnexOne,Central African Republic,CAF,622984,19313,925.029532,0.0489,242874502,249000,198000
NonAnnexOne,Chad,TCD,1259200,35258,1680.363347,0.0657,3856544,114000,147000
NonAnnexOne,Chile,CHL,743812,19619,74507.12652,0.0308,76584494,58987000,34903000
NonAnnexOne,China,CHN,9569901,1385905,1019481.297,0.0772,4200252852,3324345000,2460744000
NonAnnexOne,Colombia,COL,1038700,20878,114462.5958,0.0051,88008001,65977000,57337000
NonAnnexOne,Comoros,COM,1862,778,220.721098,0.008,62615925,73000,77000
NonAnnexOne,Congo-Brazzaville,COG,341500,4952,1862.52512,0.0331,4156900,777000,1188000
NonAnnexOne,Congo-Kinshasa,COD,2267048,64853,6159.656672,-0.0201,45114388,2534000,4070000
NonAnnexOne,Costa Rica,CRI,51060,2229,13288.4474,0.0838,8659610,5317000,2956000
AnnexOneReduce,Croatia,HRV,55974,14566,21072.02115,0.0278,23763063,20418000,16443000
NonAnnexOne,Cuba,CUB,109820,30631,21184.4,-0.0101,37390440,24444000,33340000
NonAnnexOne,Cyprus,CYP,9241,999,8806.286089,0.0498,6798937,6641000,4653000
AnnexOneSustain,Czech Republic,CZE,77247,29999,56157.54284,-0.0083,141132840,125525000,139504000
AnnexOneReduce,Denmark,DNK,42434,22295,147568.9567,0.0181,60502355,56068000,50421000
NonAnnexOne,Djibouti,DJI,23180,9,440.372269,0.0164,485052,411000,400000
NonAnnexOne,Dominica,DMA,751,50,286.018367,0.0406,667408,77000,59000
NonAnnexOne,Dominican Republic,DOM,48320,10881,19060.06962,0.0589,23075494,18683000,9571000
NonAnnexOne,Ecuador,ECU,276841,15808,21628.064,0.013,26689934,22229000,16835000
NonAnnexOne,Egypt,EGY,995450,29067,83112.09278,0.0256,129413922,122243000,75944000
NonAnnexOne,El Salvador,SLV,20721,6500,11672.6,0.0381,11808044,5812000,2618000
NonAnnexOne,Equatorial Guinea,GNQ,28051,1299,421.420756,0.1868,64990835,169000,121000
AnnexOneSustain,Estonia,EST,42388,5207,4976.131209,0.0623,19278134,17143000,23029000
NonAnnexOne,Ethiopia,ETH,1000000,112080,7365.633704,-0.0454,90770393,5027000,3018000
NonAnnexOne,Fiji,FJI,18274,2001,1482.000964,0.0172,47110107,730000,818000
AnnexOneReduce,Finland,FIN,303815,19913,112214.258,0.0462,110663578,56989000,50942000
AnnexOneReduce,France,FRA,640427,182711,1309583.457,0.0297,747047523,409094000,399028000
NonAnnexOne,Gabon,GAB,257667,3118,4305.61964,0.0136,4363072,1632000,4844000
NonAnnexOne,Gambia,GMB,10000,2788,867.566985,0.0338,17881879,235000,191000
NonAnnexOne,Georgia,GEO,69700,8022,3471.318999,0.0421,8383603,4961000,15335000
AnnexOneReduce,Germany,DEU,348672,115698,1976272.729,0.0206,1054601548,895533000,928327000
NonAnnexOne,Ghana,GHA,227533,40507,11123.64389,0.0508,24263410,6410000,3931000
AnnexOneReduce,Greece,GRC,130647,26749,122582.1437,0.0381,93328567,87810000,72724000
NonAnnexOne,Grenada,GRD,344,20,321.488889,0.1198,176329,191000,121000
NonAnnexOne,Guatemala,GTM,107159,14334,17289.95249,0.0509,20289863,8753000,5086000
NonAnnexOne,Guinea,GIN,245717,10990,3548.440585,0.0462,579186,1243000,1056000
NonAnnexOne,Guinea-Bissau,GNB,28120,2327,348.843065,-0.27,399757660,216000,253000
NonAnnexOne,Guyana,GUY,196849,4390,1054.664618,-0.0171,302351543,1654000,1140000
NonAnnexOne,Haiti,HTI,27560,7747,3352.660263,0.0283,5964144,1232000,994000
NonAnnexOne,Honduras,HND,111890,10663,5759.267721,0.0309,10847054,4650000,2593000
AnnexOneReduce,Hungary,HUN,89608,45782,42041.98195,0.0491,74062196,60854000,62992000
AnnexOneReduce,Iceland,ISL,100250,70,6978.804827,0.0692,7086851,2101000,2072000
NonAnnexOne,India,IND,2973193,1451809,400207.8155,0.0658,1691705290,1071912000,690577000
NonAnnexOne,Indonesia,IDN,1811569,201456,105391.6155,-0.132,340009242,210211000,149566000
NonAnnexOne,Iran,IRN,1531595,160001,103410.0437,0.0285,318764527,316176000,227185000
NonAnnexOne,Iraq,IRQ,437367,56700,10619.6334,0.4319,72592968,72372000,52555000
AnnexOneReduce,Ireland,IRL,68883,11587,80430.41931,0.0749,42317403,38140000,30418000
NonAnnexOne,Israel,ISR,20330,3141,98374.11104,0.0631,64486517,62779000,33535000
AnnexOneReduce,Italy,ITA,294140,77651,1087892.6,0.0122,478677928,441752000,424184000
NonAnnexOne,Ivory Coast,CIV,318003,32531,11807.7448,0.0571,22595823,6912000,5798000
NonAnnexOne,Jamaica,JAM,10831,1715,8134.640219,-0.0127,11216437,9729000,7965000
AnnexOneReduce,Japan,JPN,364485,43620,4014980.274,-0.017,1461667796,1159186000,1094706000
NonAnnexOne,Jordan,JOR,88802,3053,6809.093687,0.0362,14755398,14543000,10403000
NonAnnexOne,Kazakhstan,KAZ,2699700,221059,20943.71887,-0.0169,128098935,125063000,261307000
NonAnnexOne,Kenya,KEN,569140,45597,12627.59801,0.0371,65902927,10037000,5823000
NonAnnexOne,Kiribati,KIR,811,22,63.334088,0.1269,8768519,33000,22000
NonAnnexOne,Kuwait,KWT,17818,150,26933.05364,0.0296,51088994,51089000,45423000
NonAnnexOne,Kyrgyzstan,KGZ,191801,12530,1509.043762,0.0108,8226964,5823000,10862000
NonAnnexOne,Laos,LAO,230800,9255,1051.09956,0.0522,5328732,895000,235000
AnnexOneSustain,Latvia,LVA,62249,17926,5901.334632,0.0496,12334171,7990000,14052000
NonAnnexOne,Lebanon,LBN,10230,1673,16909.48126,0.0423,17004367,16179000,9098000
NonAnnexOne,Liberia,LBR,96320,3304,386.2,0.3018,2298755,389000,484000
NonAnnexOne,Libya,LBY,1759540,18123,33381.71919,0.0014,48535449,48133000,40319000
AnnexOneSustain,Lithuania,LTU,62680,29216,9865.32275,0.0768,27189079,16197000,22152000
AnnexOneSustain,Luxembourg,LUX,2586,619,17374.06806,0.0611,8892595,7356000,9894000
NonAnnexOne,Macedonia,MKD,25433,5471,3181.511574,0.0358,13895458,12625000,10777000
NonAnnexOne,Madagascar,MDG,581540,29251,3481.036735,0.0401,1402326,1738000,986000
NonAnnexOne,Malawi,MWI,94080,19456,2438.699777,0.0196,63730134,829000,612000
NonAnnexOne,Malaysia,MYS,329613,17939,78648.27831,-0.0554,122471309,114187000,56593000
NonAnnexOne,Maldives,MDV,298,40,509.236177,0.0977,46922792,334000,154000
NonAnnexOne,Mali,MLI,1220190,45872,2688.320677,0.079,68670653,517000,422000
NonAnnexOne,Malta,MLT,316,99,3439.62056,0.063,2145003,2145000,2178000
NonAnnexOne,Marshall Islands,MHL,181,20,101.43824,-0.0293,2758658,70000,48000
NonAnnexOne,Mauritania,MRT,1030700,2061,1362.93378,0.0235,205146939,1111000,2666000
NonAnnexOne,Mauritius,MUS,2030,995,3686.059996,0.0655,1267198,2197000,1463000
NonAnnexOne,Mexico,MEX,1943945,243457,460706.9664,0.0481,428946597,372167000,325604000
NonAnnexOne,Moldova,MDA,32891,18194,1518.316979,-0.0376,6651770,6271000,20972000
NonAnnexOne,Mongolia,MNG,1553556,11887,1065.751609,0.0302,8150894,7708000,10044000
NonAnnexOne,Morocco,MAR,446300,84797,37179.04412,0.0822,34324566,32039000,23542000
NonAnnexOne,Mozambique,MOZ,786380,42576,3942.11468,0.107,21291986,1133000,1001000
NonAnnexOne,Myanmar,MMR,653508,98135,5925.840636,0.0442,33945750,8078000,4276000
NonAnnexOne,Namibia,NAM,823290,8172,3584.817299,0.0317,3018733,1995000,7000
NonAnnexOne,Nepal,NPL,143351,21984,4746.361735,0.036,22677683,2252000,634000
AnnexOneReduce,Netherlands,NLD,33893,7441,359958.4925,0.0361,184822216,175360000,164128000
AnnexOneReduce,New Zealand,NZL,262443,14848,53201.14778,0.0039,43353400,30058000,24023000
NonAnnexOne,Nicaragua,NIC,119990,17810,3236.350099,0.0323,8114293,3421000,2644000
NonAnnexOne,Niger,NER,1266700,144784,1912.712274,0.1065,121311,1074000,832000
NonAnnexOne,Nigeria,NGA,910768,300736,33836.78011,0.0294,296613969,40183000,45375000
NonAnnexOne,North Korea,PRK,120408,26972,10283.76186,-0.0148,72852563,64928000,244835000
AnnexOneReduce,Norway,NOR,304282,8312,130207.9927,0.0269,64111293,34594000,31331000
NonAnnexOne,Oman,OMN,309500,255,13948.79146,0.0171,16667005,16667000,10352000
NonAnnexOne,Pakistan,PAK,770876,190319,67167.35918,0.0329,169774128,97663000,68566000
NonAnnexOne,Palau,PLW,459,40,115.091,0.0162,21740124,117000,235000
NonAnnexOne,Panama,PAN,74340,5517,10531,0.0705,8058725,5948000,3135000
NonAnnexOne,Papua New Guinea,PNG,452860,2219,3649.450735,0.0522,19822367,2838000,2142000
NonAnnexOne,Paraguay,PRY,397302,29678,7221.739306,0.0073,14540529,4503000,2263000
NonAnnexOne,Peru,PER,1279996,36864,51361.43345,-0.0076,39857711,27807000,21170000
NonAnnexOne,Philippines,PHL,298170,56652,72206.94047,0.0003,134077711,75650000,44532000
AnnexOneSustain,Poland,POL,304255,122547,153618.2885,0.0486,341444575,326935000,366773000
AnnexOneReduce,Portugal,PRT,91470,15898,107098.6975,0.0417,69482171,58056000,43725000
NonAnnexOne,Qatar,QAT,11586,188,10537.36264,0.1178,32401997,32402000,11775000
AnnexOneSustain,Romania,ROU,229891,90961,37374.18023,-0.0523,121855703,103681000,158862000
AnnexOneSustain,Russia,RUS,16377742,1218599,241602.2063,-0.0481,1640627840,1511270000,2220721000
NonAnnexOne,Rwanda,RWA,24668,11366,1856.411342,0.0985,234100946,642000,682000
NonAnnexOne,Saint Kitts and Nevis,KNA,261,51,258.644444,0.0104,29223326,103000,66000
NonAnnexOne,Saint Lucia,LCA,606,39,590.814815,0.0391,1454863,308000,165000
NonAnnexOne,Saint Vincent and the Grenadines,VCT,389,70,322.924778,0.0463,355504949,165000,81000
NonAnnexOne,Samoa,WSM,2821,620,226.933624,0.0229,89570755,132000,125000
NonAnnexOne,Sao Tome and Principe,STP,964,83,72.858656,0.0219,618607003,81000,66000
NonAnnexOne,Saudi Arabia,SAU,2149690,32742,146175.4667,0.0279,207297809,207288000,215055000
NonAnnexOne,Senegal,SEN,192530,24019,4492.803809,0.0542,7077577,3429000,3183000
NonAnnexOne,Serbia and Montenegro,CS,101813,21086,16733.46387,0.0007,60423608,53700000,45350000
NonAnnexOne,Seychelles,SYC,455,10,642.818532,0.1095,6350841441,440000,114000
NonAnnexOne,Sierra Leone,SLE,71620,5694,955.06416,-0.0262,6671381,594000,389000
NonAnnexOne,Singapore,SGP,687,10,80659.456,-0.0212,57334828,57293000,46941000
AnnexOneSustain,Slovakia,SVK,48105,14264,20034.61675,0.022,55084229,43230000,45647000
AnnexOneReduce,Slovenia,SVN,20151,1719,18806.06817,0.0323,21116825,15522000,12970000
NonAnnexOne,Solomon Islands,SLB,27986,171,340.596748,0.0278,128310079,161000,161000
NonAnnexOne,Somalia,SOM,627337,10288,1996.094358,0.0192,93345,517000,18000
NonAnnexOne,South Africa,ZAF,1214470,147609,122076.5756,0.0074,433120138,372219000,333514000
NonAnnexOne,South Korea,KOR,96920,16280,325067.3476,-0.0498,432362419,363840000,243815000
AnnexOneReduce,Spain,ESP,498980,135776,547638.6542,0.0426,345411273,274684000,227592000
NonAnnexOne,Sri Lanka,LKA,64630,9038,14480.28373,0.0472,19942059,7763000,3773000
NonAnnexOne,Sudan,SDN,2505800,161093,10392.58282,0.0993,32467495,4697000,5559000
NonAnnexOne,Suriname,SUR,156000,581,843.733843,0.0307,187606230,2164000,1811000
NonAnnexOne,Swaziland,SWZ,17204,1763,1361.706209,0.024,54561756,1214000,425000
AnnexOneReduce,Sweden,SWE,410335,24368,222754.2599,0.0377,156799855,54954000,51708000
AnnexOneReduce,Switzerland,CHE,39997,3941,259560.4372,0.0258,73701506,41914000,42966000
NonAnnexOne,Syrian Arab Republic,SYR,183630,45644,17468.37569,0.0679,63654210,62709000,37451000
NonAnnexOne,Tajikistan,TJK,141510,9304,1155.783316,0.0586,5548438,2497000,7220000
NonAnnexOne,Thailand,THA,510890,140941,111859.6594,-0.1051,237423889,186504000,95833000
NonAnnexOne,Togo,TGO,54385,24038,1396.908826,-0.0242,7771418,1166000,774000
NonAnnexOne,Tonga,TON,717,144,168.792157,0.0279,14272357,110000,77000
NonAnnexOne,Trinidad and Tobago,TTO,5128,750,5925.56016,0.0736,19390159,19318000,16960000
NonAnnexOne,Tunisia,TUN,155360,26489,19621.08842,0.0485,20614667,18001000,13267000
AnnexOneReduce,Turkey,TUR,769632,229764,260791.1685,0.0345,245639047,205422000,150791000
NonAnnexOne,Turkmenistan,TKM,469930,22013,2787.051225,0.0896,25809315,26047000,28067000
NonAnnexOne,Uganda,UGA,197100,43077,6396.379843,0.0904,2458610,1338000,818000
AnnexOneSustain,Ukraine,UKR,579330,324791,35917.73971,-0.0342,389910792,328637000,641681000
NonAnnexOne,United Arab Emirates,ARE,83600,638,78510.10823,-0.0087,81538177,81495000,52009000
AnnexOneReduce,United Kingdom,GBR,241930,56121,1295057.046,0.0385,638631409,554139000,570219000
USAgent,United States,USA,9161966,1650062,8741000,0.0492,6329769336,5449078000,4879376000
NonAnnexOne,Uruguay,URY,175015,13490,23452.93186,0.0499,8801898,5688000,3993000
NonAnnexOne,Uzbekistan,UZB,425400,44710,12833.93597,0.0396,118971182,117571000,114014000
NonAnnexOne,Vanuatu,VUT,12189,200,244.16335,0.0201,15068591,84000,70000
NonAnnexOne,Venezuela,VEN,882050,25138,86951.22786,-0.001,184988614,167322000,122162000
NonAnnexOne,Vietnam,VNM,310070,65528,27209.52668,0.0576,143874924,47781000,21408000
NonAnnexOne,Yemen,YEM,527968,15364,6738.65741,0.0543,12443036,12200000,14382000
NonAnnexOne,Zambia,ZMB,743398,51777,3034.581154,-0.0131,19983786,2314000,2446000
NonAnnexOne,Zimbabwe,ZWE,386847,31862,7614.659228,-0.0072,35832972,14254000,15504000
